Body_pos_roll, Body_pos_pitch, Body_pos_yaw, Body_vel_roll, Body_vel_pitch, Body_vel_yaw, Body_pos_x, Body_pos_y, Body_pos_z, Body_vel_x, Body_vel_y, Body_vel_z,Body_pos_roll_ref, Body_pos_pitch_ref, Body_pos_yaw_ref, Body_vel_roll_ref, Body_vel_pitch_ref, Body_vel_yaw_refBody_pos_x_ref, Body_pos_y_ref, Body_pos_z_ref, Body_vel_x_ref, Body_vel_y_ref, Body_vel_z_ref, 
0.000000, 0.000000, 0.000000, 0.000000, 0.000000, 0.375000, 0.000000, 0.000000, 0.000000, 0.000000, 0.000000, 0.000000, 0.000000, 0.000000, 0.000000, 0.000000, 0.000000, 0.353600, 0.000000, 0.000000, 0.000000, 0.200000, 0.000000, 0.000000 
0.000000, 0.000000, 0.000000, 0.000000, 0.000000, 0.375000, 0.000000, 0.000000, 0.000000, 0.000000, 0.000000, 0.000000, 0.000000, 0.000000, 0.000000, 0.000000, 0.000000, 0.353600, 0.000000, 0.000000, 0.000000, 0.200000, 0.000000, 0.000000 
0.000000, 0.000000, 0.000000, 0.000000, 0.000000, 0.375000, 0.000000, 0.000000, 0.000000, 0.000000, 0.000000, 0.000000, 0.000000, 0.000000, 0.000000, 0.000000, 0.000000, 0.353600, 0.000000, 0.000000, 0.000000, 0.200000, 0.000000, 0.000000 
0.000000, 0.000000, 0.000000, 0.000000, 0.000000, 0.375000, 0.000000, 0.000000, 0.000000, 0.000000, 0.000000, 0.000000, 0.000000, 0.000000, 0.000000, 0.000000, 0.000000, 0.353600, 0.000000, 0.000000, 0.000000, 0.200000, 0.000000, 0.000000 
0.000000, 0.000000, 0.000000, 0.000000, 0.000000, 0.375000, 0.000000, 0.000000, 0.000000, 0.000000, 0.000000, 0.000000, 0.000000, 0.000000, 0.000000, 0.000000, 0.000000, 0.353600, 0.000000, 0.000000, 0.000000, 0.200000, 0.000000, 0.000000 
0.000000, 0.000000, 0.000000, 0.000000, 0.000000, 0.375000, 0.000000, 0.000000, 0.000000, 0.000000, 0.000000, 0.000000, 0.000000, 0.000000, 0.000000, 0.000000, 0.000000, 0.353600, 0.000000, 0.000000, 0.000000, 0.200000, 0.000000, 0.000000 
0.000000, 0.000000, 0.000000, 0.000000, 0.000000, 0.375000, 0.000000, 0.000000, 0.000000, 0.000000, 0.000000, 0.000000, 0.000000, 0.000000, 0.000000, 0.000000, 0.000000, 0.353600, 0.000000, 0.000000, 0.000000, 0.200000, 0.000000, 0.000000 
0.000000, 0.000000, 0.000000, 0.000000, 0.000000, 0.375000, 0.000000, 0.000000, 0.000000, 0.000000, 0.000000, 0.000000, 0.000000, 0.000000, 0.000000, 0.000000, 0.000000, 0.353600, 0.000000, 0.000000, 0.000000, 0.200000, 0.000000, 0.000000 
-0.000000, -0.000316, -0.000000, 0.000034, 0.000000, 0.374629, -0.000453, -0.151366, -0.000308, 0.016570, 0.000004, -0.125822, 0.000000, 0.000000, 0.000000, 0.001400, 0.000000, 0.353600, 0.000000, 0.000000, 0.000000, 0.200000, 0.000000, 0.000000 
-0.000085, -0.004974, -0.000085, 0.000567, 0.000001, 0.372324, -0.024113, -0.760757, -0.003161, 0.089311, 0.000385, -0.303850, 0.000000, 0.000000, 0.000000, 0.003400, 0.000000, 0.353600, 0.000000, 0.000000, 0.000000, 0.200000, 0.000000, 0.000000 
-0.000273, -0.011621, -0.000273, 0.001388, 0.000004, 0.369146, 0.017013, -0.362187, -0.004044, 0.050501, -0.000336, -0.322001, 0.000000, 0.000000, 0.000000, 0.005400, 0.000000, 0.353600, 0.000000, 0.000000, 0.000000, 0.200000, 0.000000, 0.000000 
0.000574, -0.012861, 0.000574, 0.001625, -0.000020, 0.365876, 0.150878, -0.051676, -0.010614, 0.017473, -0.005261, -0.330689, 0.000000, 0.000000, 0.000000, 0.007400, 0.000000, 0.353600, 0.000000, 0.000000, 0.000000, 0.200000, 0.000000, 0.000000 
0.002240, -0.014130, 0.002240, 0.001945, -0.000108, 0.362422, 0.163975, -0.220928, 0.010997, 0.048098, -0.012984, -0.365754, 0.000000, 0.000000, 0.000000, 0.009400, 0.000000, 0.353600, 0.000000, 0.000000, 0.000000, 0.200000, 0.000000, 0.000000 
0.004038, -0.017210, 0.004038, 0.002562, -0.000290, 0.358568, 0.193212, -0.371901, -0.009158, 0.074572, -0.024062, -0.397171, 0.000000, 0.000000, 0.000000, 0.011400, 0.000000, 0.353600, 0.000000, 0.000000, 0.000000, 0.200000, 0.000000, 0.000000 
0.005709, -0.020757, 0.005709, 0.003396, -0.000593, 0.354588, 0.130377, -0.304473, -0.007650, 0.088960, -0.036807, -0.398979, 0.000000, 0.000000, 0.000000, 0.013400, 0.000000, 0.353600, 0.000000, 0.000000, 0.000000, 0.200000, 0.000000, 0.000000 
0.007026, -0.023515, 0.007026, 0.004324, -0.001027, 0.350530, 0.154375, -0.278424, -0.014403, 0.098303, -0.050133, -0.414513, 0.000000, 0.000000, 0.000000, 0.015400, 0.000000, 0.353600, 0.000000, 0.000000, 0.000000, 0.200000, 0.000000, 0.000000 
0.008669, -0.026468, 0.008669, 0.005392, -0.001598, 0.346301, 0.152054, -0.297940, -0.005764, 0.115250, -0.064092, -0.430373, 0.000000, 0.000000, 0.000000, 0.017400, 0.000000, 0.353600, 0.000000, 0.000000, 0.000000, 0.200000, 0.000000, 0.000000 
0.010053, -0.029343, 0.010053, 0.006610, -0.002306, 0.341924, 0.138972, -0.286519, 0.001210, 0.127700, -0.077411, -0.445771, 0.000000, 0.000000, 0.000000, 0.019400, 0.000000, 0.353600, 0.000000, 0.000000, 0.000000, 0.200000, 0.000000, 0.000000 
0.011450, -0.032240, 0.011450, 0.007945, -0.003145, 0.337385, 0.118429, -0.280856, -0.006559, 0.139068, -0.090296, -0.462235, 0.000000, 0.000000, 0.000000, 0.021400, 0.000000, 0.353600, 0.000000, 0.000000, 0.000000, 0.200000, 0.000000, 0.000000 
0.012314, -0.034830, 0.012314, 0.009387, -0.004104, 0.332683, 0.077723, -0.251843, 0.001181, 0.149063, -0.101213, -0.477953, 0.000000, 0.000000, 0.000000, 0.023400, 0.000000, 0.353600, 0.000000, 0.000000, 0.000000, 0.200000, 0.000000, 0.000000 
0.013378, -0.037517, 0.013378, 0.010919, -0.005166, 0.327824, 0.121702, -0.277521, 0.000097, 0.156889, -0.110922, -0.493651, 0.000000, 0.000000, 0.000000, 0.025400, 0.000000, 0.353600, 0.000000, 0.000000, 0.000000, 0.200000, 0.000000, 0.000000 
0.014376, -0.040113, 0.014376, 0.012519, -0.006317, 0.322815, 0.084148, -0.247785, 0.013551, 0.162931, -0.118940, -0.507885, 0.000000, 0.000000, 0.000000, 0.027400, 0.000000, 0.353600, 0.000000, 0.000000, 0.000000, 0.200000, 0.000000, 0.000000 
0.015456, -0.042726, 0.015456, 0.014170, -0.007539, 0.317666, 0.130006, -0.273294, -0.000909, 0.166320, -0.125280, -0.522141, 0.000000, 0.000000, 0.000000, 0.029400, 0.000000, 0.353600, 0.000000, 0.000000, 0.000000, 0.200000, 0.000000, 0.000000 
0.016267, -0.045027, 0.016267, 0.015827, -0.008813, 0.312428, -0.027503, -0.147947, -0.015895, 0.164262, -0.128869, -0.516888, 0.000000, 0.000000, 0.000000, 0.031400, 0.000000, 0.353600, 0.000000, 0.000000, 0.000000, 0.200000, 0.000000, 0.000000 
0.014102, -0.044982, 0.014102, 0.017454, -0.010086, 0.307531, -0.447289, 0.191938, -0.065338, 0.159961, -0.124275, -0.453085, 0.000000, 0.000000, 0.000000, 0.033400, 0.000000, 0.353600, 0.000000, 0.000000, 0.000000, 0.200000, 0.000000, 0.000000 
0.007660, -0.041373, 0.007660, 0.019041, -0.011244, 0.303614, -0.809726, 0.487448, -0.117427, 0.158312, -0.105054, -0.316875, 0.000000, 0.000000, 0.000000, 0.035400, 0.000000, 0.353600, 0.000000, 0.000000, 0.000000, 0.200000, 0.000000, 0.000000 
-0.001334, -0.035855, -0.001334, 0.020603, -0.012187, 0.301443, -0.950978, 0.573654, -0.149757, 0.154146, -0.082990, -0.107098, 0.000000, 0.000000, 0.000000, 0.037400, 0.000000, 0.353600, 0.000000, 0.000000, 0.000000, 0.200000, 0.000000, 0.000000 
-0.010499, -0.030634, -0.010499, 0.022124, -0.012910, 0.301590, -0.856031, 0.447777, -0.164064, 0.149996, -0.061891, 0.138278, 0.000000, 0.000000, 0.000000, 0.039400, 0.000000, 0.353600, 0.000000, 0.000000, 0.000000, 0.200000, 0.000000, 0.000000 
-0.017976, -0.027256, -0.017976, 0.023601, -0.013443, 0.304172, -0.633832, 0.228160, -0.170919, 0.145057, -0.045492, 0.372552, 0.000000, 0.000000, 0.000000, 0.041400, 0.000000, 0.353600, 0.000000, 0.000000, 0.000000, 0.200000, 0.000000, 0.000000 
-0.022993, -0.026122, -0.022993, 0.025019, -0.013839, 0.308909, -0.383392, 0.013834, -0.171967, 0.138233, -0.034671, 0.565373, 0.000000, 0.000000, 0.000000, 0.043400, 0.000000, 0.353600, 0.000000, 0.000000, 0.000000, 0.200000, 0.000000, 0.000000 
-0.025689, -0.026832, -0.025689, 0.026362, -0.014152, 0.315296, -0.176534, -0.132438, -0.167257, 0.130126, -0.028842, 0.701049, 0.000000, 0.000000, 0.000000, 0.045400, 0.000000, 0.353600, 0.000000, 0.000000, 0.000000, 0.200000, 0.000000, 0.000000 
-0.026608, -0.028533, -0.026608, 0.027619, -0.014423, 0.322739, -0.029024, -0.183749, -0.154894, 0.121131, -0.026069, 0.777605, 0.000000, 0.000000, 0.000000, 0.047400, 0.000000, 0.353600, 0.000000, 0.000000, 0.000000, 0.200000, 0.000000, 0.000000 
-0.026332, -0.030311, -0.026332, 0.028786, -0.014677, 0.330664, 0.066834, -0.152604, -0.134513, 0.112578, -0.024880, 0.798567, 0.000000, 0.000000, 0.000000, 0.049400, 0.000000, 0.353600, 0.000000, 0.000000, 0.000000, 0.200000, 0.000000, 0.000000 
-0.025528, -0.031667, -0.025528, 0.029889, -0.014898, 0.338275, 0.096017, -0.129007, -0.105400, 0.106567, -0.014545, 0.676802, 0.000000, 0.000000, 0.000000, 0.051400, 0.000000, 0.353600, 0.000000, 0.000000, 0.000000, 0.200000, 0.000000, 0.000000 
-0.024447, -0.035006, -0.024447, 0.031218, -0.014980, 0.344172, 0.061043, -0.610097, -0.073336, 0.176580, -0.007784, 0.540070, 0.000000, 0.000000, 0.000000, 0.053400, 0.000000, 0.353600, 0.000000, 0.000000, 0.000000, 0.200000, 0.000000, 0.000000 
-0.024707, -0.040853, -0.024707, 0.033075, -0.015094, 0.349473, -0.108954, -0.353730, -0.048960, 0.163815, -0.012551, 0.512909, 0.000000, 0.000000, 0.000000, 0.055400, 0.000000, 0.353600, 0.000000, 0.000000, 0.000000, 0.200000, 0.000000, 0.000000 
-0.026708, -0.042576, -0.026708, 0.034495, -0.015194, 0.354354, -0.293087, -0.137628, -0.019638, 0.141816, -0.007080, 0.468943, 0.000000, 0.000000, 0.000000, 0.057400, 0.000000, 0.353600, 0.000000, 0.000000, 0.000000, 0.200000, 0.000000, 0.000000 
-0.030008, -0.044266, -0.030008, 0.036032, -0.015240, 0.358758, -0.340601, -0.156933, -0.011541, 0.158426, -0.002519, 0.396783, 0.000000, 0.000000, 0.000000, 0.059400, 0.000000, 0.353600, 0.000000, 0.000000, 0.000000, 0.200000, 0.000000, 0.000000 
-0.033777, -0.046021, -0.033777, 0.037657, -0.015247, 0.362199, -0.426369, -0.231868, 0.026634, 0.171994, 0.001425, 0.301903, 0.000000, 0.000000, 0.000000, 0.061400, 0.000000, 0.353600, 0.000000, 0.000000, 0.000000, 0.200000, 0.000000, 0.000000 
-0.038082, -0.048296, -0.038082, 0.039453, -0.015203, 0.364965, -0.394558, -0.167014, 0.047360, 0.180854, 0.007726, 0.250094, 0.000000, 0.000000, 0.000000, 0.063400, 0.000000, 0.353600, 0.000000, 0.000000, 0.000000, 0.200000, 0.000000, 0.000000 
-0.042020, -0.049458, -0.042020, 0.041228, -0.015089, 0.367106, -0.421610, -0.123108, 0.074130, 0.177204, 0.015311, 0.177016, 0.000000, 0.000000, 0.000000, 0.065400, 0.000000, 0.353600, 0.000000, 0.000000, 0.000000, 0.200000, 0.000000, 0.000000 
-0.046396, -0.050920, -0.046396, 0.043044, -0.014893, 0.368540, -0.393714, -0.141091, 0.091002, 0.185340, 0.024231, 0.110547, 0.000000, 0.000000, 0.000000, 0.067400, 0.000000, 0.353600, 0.000000, 0.000000, 0.000000, 0.200000, 0.000000, 0.000000 
-0.049756, -0.051971, -0.049756, 0.044911, -0.014604, 0.369299, -0.297258, -0.106161, 0.103214, 0.187793, 0.033681, 0.040430, 0.000000, 0.000000, 0.000000, 0.069400, 0.000000, 0.353600, 0.000000, 0.000000, 0.000000, 0.200000, 0.000000, 0.000000 
-0.052666, -0.053175, -0.052666, 0.046812, -0.014215, 0.369369, -0.236346, -0.124387, 0.139177, 0.192511, 0.044309, -0.025626, 0.000000, 0.000000, 0.000000, 0.071400, 0.000000, 0.353600, 0.000000, 0.000000, 0.000000, 0.200000, 0.000000, 0.000000 
-0.054236, -0.053997, -0.054236, 0.048754, -0.013718, 0.368792, -0.091038, -0.075615, 0.139204, 0.195586, 0.054978, -0.090678, 0.000000, 0.000000, 0.000000, 0.073400, 0.000000, 0.353600, 0.000000, 0.000000, 0.000000, 0.200000, 0.000000, 0.000000 
-0.055247, -0.055010, -0.055247, 0.050729, -0.013114, 0.367550, -0.075142, -0.133773, 0.164949, 0.199455, 0.065852, -0.157286, 0.000000, 0.000000, 0.000000, 0.075400, 0.000000, 0.353600, 0.000000, 0.000000, 0.000000, 0.200000, 0.000000, 0.000000 
-0.055211, -0.055982, -0.055211, 0.052744, -0.012401, 0.365653, 0.093247, -0.081807, 0.159158, 0.203551, 0.076571, -0.221658, 0.000000, 0.000000, 0.000000, 0.077400, 0.000000, 0.353600, 0.000000, 0.000000, 0.000000, 0.200000, 0.000000, 0.000000 
-0.054358, -0.056954, -0.054358, 0.054798, -0.011587, 0.363114, 0.093496, -0.134158, 0.189366, 0.207407, 0.086424, -0.286399, 0.000000, 0.000000, 0.000000, 0.079400, 0.000000, 0.353600, 0.000000, 0.000000, 0.000000, 0.200000, 0.000000, 0.000000 
-0.053057, -0.057989, -0.053057, 0.056889, -0.010686, 0.359972, 0.185402, -0.087990, 0.162657, 0.210779, 0.093007, -0.337684, 0.000000, 0.000000, 0.000000, 0.081400, 0.000000, 0.353600, 0.000000, 0.000000, 0.000000, 0.200000, 0.000000, 0.000000 
-0.051649, -0.059055, -0.051649, 0.059009, -0.009732, 0.356397, 0.086476, -0.158931, 0.159008, 0.212760, 0.097109, -0.374986, 0.000000, 0.000000, 0.000000, 0.083400, 0.000000, 0.353600, 0.000000, 0.000000, 0.000000, 0.200000, 0.000000, 0.000000 
-0.050794, -0.060476, -0.050794, 0.061135, -0.008743, 0.352485, 0.138347, -0.115839, 0.129412, 0.212125, 0.100398, -0.405856, 0.000000, 0.000000, 0.000000, 0.085400, 0.000000, 0.353600, 0.000000, 0.000000, 0.000000, 0.200000, 0.000000, 0.000000 
-0.049628, -0.061530, -0.049628, 0.063245, -0.007733, 0.348307, 0.103112, -0.105046, 0.132724, 0.209403, 0.101229, -0.424179, 0.000000, 0.000000, 0.000000, 0.087400, 0.000000, 0.353600, 0.000000, 0.000000, 0.000000, 0.200000, 0.000000, 0.000000 
-0.047778, -0.061468, -0.047778, 0.065285, -0.006721, 0.344110, 0.357751, 0.154309, 0.164317, 0.197718, 0.100738, -0.409581, 0.000000, 0.000000, 0.000000, 0.089400, 0.000000, 0.353600, 0.000000, 0.000000, 0.000000, 0.200000, 0.000000, 0.000000 
-0.042274, -0.058170, -0.042274, 0.067246, -0.005763, 0.340289, 0.768215, 0.481871, 0.209245, 0.196161, 0.089316, -0.345239, 0.000000, 0.000000, 0.000000, 0.091400, 0.000000, 0.353600, 0.000000, 0.000000, 0.000000, 0.200000, 0.000000, 0.000000 
-0.032677, -0.051429, -0.032677, 0.069195, -0.004962, 0.337362, 1.140278, 0.831770, 0.238721, 0.194271, 0.069228, -0.231755, 0.000000, 0.000000, 0.000000, 0.093400, 0.000000, 0.353600, 0.000000, 0.000000, 0.000000, 0.200000, 0.000000, 0.000000 
-0.020695, -0.042251, -0.020695, 0.071143, -0.004395, 0.335818, 1.209219, 0.938549, 0.231859, 0.195694, 0.043488, -0.069005, 0.000000, 0.000000, 0.000000, 0.095400, 0.000000, 0.353600, 0.000000, 0.000000, 0.000000, 0.200000, 0.000000, 0.000000 
-0.009650, -0.033526, -0.009650, 0.073112, -0.004080, 0.336059, 0.972266, 0.762649, 0.200768, 0.198152, 0.020073, 0.117559, 0.000000, 0.000000, 0.000000, 0.097400, 0.000000, 0.353600, 0.000000, 0.000000, 0.000000, 0.200000, 0.000000, 0.000000 
-0.001740, -0.027381, -0.001740, 0.075098, -0.003965, 0.338104, 0.615318, 0.457581, 0.163316, 0.198507, 0.004143, 0.284141, 0.000000, 0.000000, 0.000000, 0.099400, 0.000000, 0.353600, 0.000000, 0.000000, 0.000000, 0.200000, 0.000000, 0.000000 
0.002539, -0.023724, 0.002539, 0.077023, -0.004010, 0.341011, 0.228946, 0.326477, 0.139899, 0.180208, -0.018463, 0.225437, 0.000000, 0.000000, 0.000000, 0.101400, 0.000000, 0.353600, 0.000000, 0.000000, 0.000000, 0.200000, 0.000000, 0.000000 
0.003575, -0.023167, 0.003575, 0.079070, -0.004280, 0.342625, 0.078505, -0.292771, 0.100128, 0.248200, -0.026055, 0.131279, 0.000000, 0.000000, 0.000000, 0.103400, 0.000000, 0.353600, 0.000000, 0.000000, 0.000000, 0.200000, 0.000000, 0.000000 
0.004263, -0.025692, 0.004263, 0.081555, -0.004495, 0.343885, 0.056214, 0.007716, 0.074697, 0.217805, -0.020518, 0.111668, 0.000000, 0.000000, 0.000000, 0.105400, 0.000000, 0.353600, 0.000000, 0.000000, 0.000000, 0.200000, 0.000000, 0.000000 
0.004923, -0.024718, 0.004923, 0.083560, -0.004722, 0.344819, 0.078687, 0.026171, 0.053949, 0.204198, -0.024451, 0.081073, 0.000000, 0.000000, 0.000000, 0.107400, 0.000000, 0.353600, 0.000000, 0.000000, 0.000000, 0.200000, 0.000000, 0.000000 
0.005421, -0.025042, 0.005421, 0.085672, -0.004980, 0.345448, 0.021463, -0.047510, 0.061284, 0.212016, -0.026744, 0.035352, 0.000000, 0.000000, 0.000000, 0.109400, 0.000000, 0.353600, 0.000000, 0.000000, 0.000000, 0.200000, 0.000000, 0.000000 
0.005908, -0.026107, 0.005908, 0.087811, -0.005251, 0.345480, 0.091287, -0.184866, 0.029137, 0.219348, -0.027423, -0.022082, 0.000000, 0.000000, 0.000000, 0.111400, 0.000000, 0.353600, 0.000000, 0.000000, 0.000000, 0.200000, 0.000000, 0.000000 
0.006446, -0.027855, 0.006446, 0.090031, -0.005539, 0.345103, -0.012152, -0.110393, 0.031778, 0.219907, -0.030783, -0.054414, 0.000000, 0.000000, 0.000000, 0.113400, 0.000000, 0.353600, 0.000000, 0.000000, 0.000000, 0.200000, 0.000000, 0.000000 
0.006462, -0.028827, 0.006462, 0.092197, -0.005856, 0.344329, 0.061722, -0.134663, 0.012585, 0.215653, -0.032519, -0.100507, 0.000000, 0.000000, 0.000000, 0.115400, 0.000000, 0.353600, 0.000000, 0.000000, 0.000000, 0.200000, 0.000000, 0.000000 
0.007266, -0.030440, 0.007266, 0.094363, -0.006198, 0.343139, 0.054061, -0.150297, 0.019676, 0.216847, -0.035905, -0.135739, 0.000000, 0.000000, 0.000000, 0.117400, 0.000000, 0.353600, 0.000000, 0.000000, 0.000000, 0.200000, 0.000000, 0.000000 
0.007693, -0.031784, 0.007693, 0.096517, -0.006568, 0.341599, 0.070167, -0.146129, 0.020425, 0.213753, -0.038467, -0.173669, 0.000000, 0.000000, 0.000000, 0.119400, 0.000000, 0.353600, 0.000000, 0.000000, 0.000000, 0.200000, 0.000000, 0.000000 
0.008576, -0.033454, 0.008576, 0.098650, -0.006974, 0.339673, 0.063134, -0.157511, 0.006269, 0.213234, -0.042565, -0.210034, 0.000000, 0.000000, 0.000000, 0.121400, 0.000000, 0.353600, 0.000000, 0.000000, 0.000000, 0.200000, 0.000000, 0.000000 
0.008815, -0.034720, 0.008815, 0.100778, -0.007413, 0.337418, 0.029366, -0.121604, 0.011743, 0.211721, -0.045223, -0.241853, 0.000000, 0.000000, 0.000000, 0.123400, 0.000000, 0.353600, 0.000000, 0.000000, 0.000000, 0.200000, 0.000000, 0.000000 
0.009588, -0.036289, 0.009588, 0.102886, -0.007886, 0.334835, 0.098934, -0.175605, -0.000248, 0.210268, -0.049252, -0.274211, 0.000000, 0.000000, 0.000000, 0.125400, 0.000000, 0.353600, 0.000000, 0.000000, 0.000000, 0.200000, 0.000000, 0.000000 
0.010180, -0.037764, 0.010180, 0.104984, -0.008395, 0.331948, 0.034695, -0.129274, 0.018059, 0.209127, -0.052670, -0.302472, 0.000000, 0.000000, 0.000000, 0.127400, 0.000000, 0.353600, 0.000000, 0.000000, 0.000000, 0.200000, 0.000000, 0.000000 
0.010947, -0.039344, 0.010947, 0.107067, -0.008941, 0.328782, 0.110170, -0.179322, -0.003929, 0.207419, -0.056489, -0.330729, 0.000000, 0.000000, 0.000000, 0.129400, 0.000000, 0.353600, 0.000000, 0.000000, 0.000000, 0.200000, 0.000000, 0.000000 
0.011611, -0.040825, 0.011611, 0.109135, -0.009525, 0.325342, 0.020760, -0.118047, 0.012291, 0.206298, -0.060371, -0.356324, 0.000000, 0.000000, 0.000000, 0.131400, 0.000000, 0.353600, 0.000000, 0.000000, 0.000000, 0.200000, 0.000000, 0.000000 
0.012142, -0.042170, 0.012142, 0.111181, -0.010143, 0.321681, 0.067787, -0.126458, -0.017658, 0.202053, -0.062929, -0.371063, 0.000000, 0.000000, 0.000000, 0.133400, 0.000000, 0.353600, 0.000000, 0.000000, 0.000000, 0.200000, 0.000000, 0.000000 
0.011572, -0.042186, 0.011572, 0.113142, -0.010778, 0.318013, -0.250113, 0.162950, -0.055582, 0.189899, -0.063438, -0.355201, 0.000000, 0.000000, 0.000000, 0.135400, 0.000000, 0.353600, 0.000000, 0.000000, 0.000000, 0.200000, 0.000000, 0.000000 
0.007313, -0.039003, 0.007313, 0.115005, -0.011364, 0.314829, -0.576240, 0.441542, -0.084190, 0.183707, -0.051863, -0.266688, 0.000000, 0.000000, 0.000000, 0.137400, 0.000000, 0.353600, 0.000000, 0.000000, 0.000000, 0.200000, 0.000000, 0.000000 
0.000757, -0.034092, 0.000757, 0.116817, -0.011804, 0.312956, -0.697639, 0.495622, -0.100037, 0.179192, -0.035409, -0.096771, 0.000000, 0.000000, 0.000000, 0.139400, 0.000000, 0.353600, 0.000000, 0.000000, 0.000000, 0.200000, 0.000000, 0.000000 
-0.006019, -0.029681, -0.006019, 0.118582, -0.012083, 0.313039, -0.633257, 0.367325, -0.108824, 0.173587, -0.020498, 0.116780, 0.000000, 0.000000, 0.000000, 0.141400, 0.000000, 0.353600, 0.000000, 0.000000, 0.000000, 0.200000, 0.000000, 0.000000 
-0.011515, -0.027002, -0.011515, 0.120286, -0.012228, 0.315285, -0.459267, 0.168628, -0.115381, 0.166993, -0.009264, 0.328045, 0.000000, 0.000000, 0.000000, 0.143400, 0.000000, 0.353600, 0.000000, 0.000000, 0.000000, 0.200000, 0.000000, 0.000000 
-0.015089, -0.026280, -0.015089, 0.121917, -0.012284, 0.319487, -0.265546, -0.011028, -0.119884, 0.158903, -0.002661, 0.503716, 0.000000, 0.000000, 0.000000, 0.145400, 0.000000, 0.353600, 0.000000, 0.000000, 0.000000, 0.200000, 0.000000, 0.000000 
-0.016905, -0.026991, -0.016905, 0.123460, -0.012296, 0.325185, -0.113576, -0.110370, -0.116997, 0.149519, -0.000590, 0.625701, 0.000000, 0.000000, 0.000000, 0.147400, 0.000000, 0.353600, 0.000000, 0.000000, 0.000000, 0.200000, 0.000000, 0.000000 
-0.017406, -0.028255, -0.017406, 0.124908, -0.012298, 0.331813, -0.003565, -0.125676, -0.104763, 0.140102, -0.000090, 0.690054, 0.000000, 0.000000, 0.000000, 0.149400, 0.000000, 0.353600, 0.000000, 0.000000, 0.000000, 0.200000, 0.000000, 0.000000 
-0.017292, -0.029512, -0.017292, 0.126267, -0.012261, 0.338710, 0.009841, -0.118320, -0.110536, 0.129257, 0.012066, 0.650449, 0.000000, 0.000000, 0.000000, 0.151400, 0.000000, 0.353600, 0.000000, 0.000000, 0.000000, 0.200000, 0.000000, 0.000000 
-0.017224, -0.031590, -0.017224, 0.127634, -0.012102, 0.344269, -0.028138, -0.425217, -0.087885, 0.168148, 0.014332, 0.479321, 0.000000, 0.000000, 0.000000, 0.153400, 0.000000, 0.353600, 0.000000, 0.000000, 0.000000, 0.200000, 0.000000, 0.000000 
-0.017941, -0.037536, -0.017941, 0.129641, -0.011992, 0.348824, -0.102267, -0.559962, -0.029318, 0.204844, 0.010373, 0.437054, 0.000000, 0.000000, 0.000000, 0.155400, 0.000000, 0.353600, 0.000000, 0.000000, 0.000000, 0.200000, 0.000000, 0.000000 
-0.019085, -0.040849, -0.019085, 0.131414, -0.011858, 0.352903, -0.137911, -0.188110, -0.023945, 0.161410, 0.016599, 0.381539, 0.000000, 0.000000, 0.000000, 0.157400, 0.000000, 0.353600, 0.000000, 0.000000, 0.000000, 0.200000, 0.000000, 0.000000 
-0.021024, -0.043074, -0.021024, 0.133111, -0.011674, 0.356504, -0.248770, -0.255608, -0.018576, 0.176250, 0.020080, 0.330464, 0.000000, 0.000000, 0.000000, 0.159400, 0.000000, 0.353600, 0.000000, 0.000000, 0.000000, 0.200000, 0.000000, 0.000000 
-0.023781, -0.045671, -0.023781, 0.134874, -0.011452, 0.359311, -0.288001, -0.280418, 0.005505, 0.179641, 0.024734, 0.231467, 0.000000, 0.000000, 0.000000, 0.161400, 0.000000, 0.353600, 0.000000, 0.000000, 0.000000, 0.200000, 0.000000, 0.000000 
-0.026433, -0.048669, -0.026433, 0.136756, -0.011173, 0.361302, -0.225328, -0.285460, 0.031292, 0.193490, 0.031083, 0.171494, 0.000000, 0.000000, 0.000000, 0.163400, 0.000000, 0.353600, 0.000000, 0.000000, 0.000000, 0.200000, 0.000000, 0.000000 
-0.028451, -0.050977, -0.028451, 0.138661, -0.010831, 0.362688, -0.186759, -0.196767, 0.053359, 0.187521, 0.037646, 0.102106, 0.000000, 0.000000, 0.000000, 0.165400, 0.000000, 0.353600, 0.000000, 0.000000, 0.000000, 0.200000, 0.000000, 0.000000 
-0.030315, -0.053007, -0.030315, 0.140555, -0.010415, 0.363348, -0.171899, -0.217729, 0.068591, 0.192442, 0.045619, 0.032477, 0.000000, 0.000000, 0.000000, 0.167400, 0.000000, 0.353600, 0.000000, 0.000000, 0.000000, 0.200000, 0.000000, 0.000000 
-0.031816, -0.055135, -0.031816, 0.142495, -0.009917, 0.363358, -0.120181, -0.209583, 0.071467, 0.194531, 0.054001, -0.031628, 0.000000, 0.000000, 0.000000, 0.169400, 0.000000, 0.353600, 0.000000, 0.000000, 0.000000, 0.200000, 0.000000, 0.000000 
-0.032814, -0.057190, -0.032814, 0.144448, -0.009336, 0.362703, -0.058505, -0.202904, 0.088469, 0.196781, 0.062347, -0.098192, 0.000000, 0.000000, 0.000000, 0.171400, 0.000000, 0.353600, 0.000000, 0.000000, 0.000000, 0.200000, 0.000000, 0.000000 
-0.032979, -0.059006, -0.032979, 0.146431, -0.008673, 0.361413, 0.025538, -0.170038, 0.102393, 0.199408, 0.070065, -0.159816, 0.000000, 0.000000, 0.000000, 0.173400, 0.000000, 0.353600, 0.000000, 0.000000, 0.000000, 0.200000, 0.000000, 0.000000 
-0.032860, -0.060722, -0.032860, 0.148432, -0.007941, 0.359521, 0.003577, -0.183623, 0.103032, 0.200861, 0.076112, -0.216457, 0.000000, 0.000000, 0.000000, 0.175400, 0.000000, 0.353600, 0.000000, 0.000000, 0.000000, 0.200000, 0.000000, 0.000000 
-0.032821, -0.062462, -0.032821, 0.150444, -0.007152, 0.357132, 0.019060, -0.168327, 0.082348, 0.201099, 0.081349, -0.257892, 0.000000, 0.000000, 0.000000, 0.177400, 0.000000, 0.353600, 0.000000, 0.000000, 0.000000, 0.200000, 0.000000, 0.000000 
-0.032782, -0.064117, -0.032782, 0.152449, -0.006318, 0.354370, -0.001694, -0.167128, 0.081485, 0.199731, 0.085372, -0.294066, 0.000000, 0.000000, 0.000000, 0.179400, 0.000000, 0.353600, 0.000000, 0.000000, 0.000000, 0.200000, 0.000000, 0.000000 
-0.032732, -0.065596, -0.032732, 0.154439, -0.005446, 0.351267, 0.027838, -0.131210, 0.075367, 0.198190, 0.089006, -0.325034, 0.000000, 0.000000, 0.000000, 0.181400, 0.000000, 0.353600, 0.000000, 0.000000, 0.000000, 0.200000, 0.000000, 0.000000 
-0.032620, -0.066864, -0.032620, 0.156411, -0.004540, 0.347878, -0.007552, -0.135635, 0.073487, 0.195956, 0.092190, -0.352742, 0.000000, 0.000000, 0.000000, 0.183400, 0.000000, 0.353600, 0.000000, 0.000000, 0.000000, 0.200000, 0.000000, 0.000000 
-0.032777, -0.068133, -0.032777, 0.158353, -0.003601, 0.344218, 0.017700, -0.103537, 0.068550, 0.192351, 0.095507, -0.375891, 0.000000, 0.000000, 0.000000, 0.185400, 0.000000, 0.353600, 0.000000, 0.000000, 0.000000, 0.200000, 0.000000, 0.000000 
-0.031612, -0.068337, -0.031612, 0.160257, -0.002645, 0.340505, 0.271667, 0.090630, 0.095735, 0.188050, 0.095130, -0.358110, 0.000000, 0.000000, 0.000000, 0.187400, 0.000000, 0.353600, 0.000000, 0.000000, 0.000000, 0.200000, 0.000000, 0.000000 
-0.026947, -0.065732, -0.026947, 0.162123, -0.001736, 0.337201, 0.697468, 0.443410, 0.146722, 0.185628, 0.084998, -0.297209, 0.000000, 0.000000, 0.000000, 0.189400, 0.000000, 0.353600, 0.000000, 0.000000, 0.000000, 0.200000, 0.000000, 0.000000 
-0.017918, -0.059256, -0.017918, 0.163972, -0.000978, 0.334698, 1.086761, 0.815334, 0.183976, 0.185061, 0.064869, -0.193423, 0.000000, 0.000000, 0.000000, 0.191400, 0.000000, 0.353600, 0.000000, 0.000000, 0.000000, 0.200000, 0.000000, 0.000000 
-0.006484, -0.050284, -0.006484, 0.165829, -0.000453, 0.333515, 1.151968, 0.919849, 0.191938, 0.186520, 0.039634, -0.034388, 0.000000, 0.000000, 0.000000, 0.193400, 0.000000, 0.353600, 0.000000, 0.000000, 0.000000, 0.200000, 0.000000, 0.000000 
0.004001, -0.041813, 0.004001, 0.167705, -0.000172, 0.334097, 0.921377, 0.736731, 0.178558, 0.188627, 0.017184, 0.151693, 0.000000, 0.000000, 0.000000, 0.195400, 0.000000, 0.353600, 0.000000, 0.000000, 0.000000, 0.200000, 0.000000, 0.000000 
0.011471, -0.035969, 0.011471, 0.169594, -0.000082, 0.336494, 0.580326, 0.427512, 0.158291, 0.188669, 0.002017, 0.321153, 0.000000, 0.000000, 0.000000, 0.197400, 0.000000, 0.353600, 0.000000, 0.000000, 0.000000, 0.200000, 0.000000, 0.000000 
0.015581, -0.033222, 0.015581, 0.171465, -0.000105, 0.340379, 0.267376, 0.138995, 0.135653, 0.184893, -0.005275, 0.446100, 0.000000, 0.000000, 0.000000, 0.199400, 0.000000, 0.353600, 0.000000, 0.000000, 0.000000, 0.200000, 0.000000, 0.000000 
0.017114, -0.032296, 0.017114, 0.173250, -0.000201, 0.344826, 0.052955, 0.123111, 0.119217, 0.165289, -0.017712, 0.380897, 0.000000, 0.000000, 0.000000, 0.201400, 0.000000, 0.353600, 0.000000, 0.000000, 0.000000, 0.200000, 0.000000, 0.000000 
0.016985, -0.032931, 0.016985, 0.175080, -0.000428, 0.347831, -0.003596, -0.384800, 0.085177, 0.225666, -0.021437, 0.253838, 0.000000, 0.000000, 0.000000, 0.203400, 0.000000, 0.353600, 0.000000, 0.000000, 0.000000, 0.200000, 0.000000, 0.000000 
0.017107, -0.037629, 0.017107, 0.177507, -0.000610, 0.350263, 0.025291, -0.337370, 0.068192, 0.228080, -0.017499, 0.226098, 0.000000, 0.000000, 0.000000, 0.205400, 0.000000, 0.353600, 0.000000, 0.000000, 0.000000, 0.200000, 0.000000, 0.000000 
0.017715, -0.039695, 0.017715, 0.179579, -0.000807, 0.352298, 0.111677, -0.203278, 0.047263, 0.205240, -0.021637, 0.188778, 0.000000, 0.000000, 0.000000, 0.207400, 0.000000, 0.353600, 0.000000, 0.000000, 0.000000, 0.200000, 0.000000, 0.000000 
0.018883, -0.042302, 0.018883, 0.181733, -0.001038, 0.353994, 0.103703, -0.268916, 0.048702, 0.218657, -0.024649, 0.136301, 0.000000, 0.000000, 0.000000, 0.209400, 0.000000, 0.353600, 0.000000, 0.000000, 0.000000, 0.200000, 0.000000, 0.000000 
0.020039, -0.045337, 0.020039, 0.183943, -0.001301, 0.354897, 0.144172, -0.376865, 0.018359, 0.228724, -0.028284, 0.052574, 0.000000, 0.000000, 0.000000, 0.211400, 0.000000, 0.353600, 0.000000, 0.000000, 0.000000, 0.200000, 0.000000, 0.000000 
0.021358, -0.049315, 0.021358, 0.186303, -0.001604, 0.355209, 0.086971, -0.350555, 0.006352, 0.236797, -0.032509, 0.009417, 0.000000, 0.000000, 0.000000, 0.213400, 0.000000, 0.353600, 0.000000, 0.000000, 0.000000, 0.200000, 0.000000, 0.000000 
0.022108, -0.052370, 0.022108, 0.188625, -0.001957, 0.354991, 0.101904, -0.308405, -0.009308, 0.229917, -0.038307, -0.054612, 0.000000, 0.000000, 0.000000, 0.215400, 0.000000, 0.353600, 0.000000, 0.000000, 0.000000, 0.200000, 0.000000, 0.000000 
0.023323, -0.055638, 0.023323, 0.190937, -0.002371, 0.354170, 0.091984, -0.300229, -0.012768, 0.230856, -0.044927, -0.106822, 0.000000, 0.000000, 0.000000, 0.217400, 0.000000, 0.353600, 0.000000, 0.000000, 0.000000, 0.200000, 0.000000, 0.000000 
0.023877, -0.058095, 0.023877, 0.193213, -0.002851, 0.352850, 0.055975, -0.215097, -0.005183, 0.223413, -0.050644, -0.157028, 0.000000, 0.000000, 0.000000, 0.219400, 0.000000, 0.353600, 0.000000, 0.000000, 0.000000, 0.200000, 0.000000, 0.000000 
0.024619, -0.060226, 0.024619, 0.195419, -0.003390, 0.351056, 0.053364, -0.191767, -0.019730, 0.217981, -0.057211, -0.198655, 0.000000, 0.000000, 0.000000, 0.221400, 0.000000, 0.353600, 0.000000, 0.000000, 0.000000, 0.200000, 0.000000, 0.000000 
0.024639, -0.061561, 0.024639, 0.197564, -0.003986, 0.348906, -0.014187, -0.097184, -0.005458, 0.210670, -0.061615, -0.231536, 0.000000, 0.000000, 0.000000, 0.223400, 0.000000, 0.353600, 0.000000, 0.000000, 0.000000, 0.200000, 0.000000, 0.000000 
0.024947, -0.062679, 0.024947, 0.199637, -0.004626, 0.346420, 0.057196, -0.125157, -0.016601, 0.204717, -0.066330, -0.264572, 0.000000, 0.000000, 0.000000, 0.225400, 0.000000, 0.353600, 0.000000, 0.000000, 0.000000, 0.200000, 0.000000, 0.000000 
0.025140, -0.063602, 0.025140, 0.201663, -0.005308, 0.343628, -0.018300, -0.062705, 0.001570, 0.200870, -0.070079, -0.293251, 0.000000, 0.000000, 0.000000, 0.227400, 0.000000, 0.353600, 0.000000, 0.000000, 0.000000, 0.200000, 0.000000, 0.000000 
0.025287, -0.064431, 0.025287, 0.203655, -0.006028, 0.340552, 0.054681, -0.109621, -0.019116, 0.197801, -0.073878, -0.321844, 0.000000, 0.000000, 0.000000, 0.229400, 0.000000, 0.353600, 0.000000, 0.000000, 0.000000, 0.200000, 0.000000, 0.000000 
0.025542, -0.065313, 0.025542, 0.205623, -0.006786, 0.337195, -0.022877, -0.059039, -0.004066, 0.196001, -0.077705, -0.348463, 0.000000, 0.000000, 0.000000, 0.231400, 0.000000, 0.353600, 0.000000, 0.000000, 0.000000, 0.200000, 0.000000, 0.000000 
0.025591, -0.066087, 0.025591, 0.207572, -0.007581, 0.333591, 0.048627, -0.100679, -0.024698, 0.193028, -0.080969, -0.370591, 0.000000, 0.000000, 0.000000, 0.233400, 0.000000, 0.353600, 0.000000, 0.000000, 0.000000, 0.200000, 0.000000, 0.000000 
0.025388, -0.066322, 0.025388, 0.209452, -0.008405, 0.329856, -0.172105, 0.100152, -0.053584, 0.182706, -0.083553, -0.370109, 0.000000, 0.000000, 0.000000, 0.235400, 0.000000, 0.353600, 0.000000, 0.000000, 0.000000, 0.200000, 0.000000, 0.000000 
0.021678, -0.063732, 0.021678, 0.211255, -0.009215, 0.326385, -0.581529, 0.420075, -0.102557, 0.178917, -0.076371, -0.313960, 0.000000, 0.000000, 0.000000, 0.237400, 0.000000, 0.353600, 0.000000, 0.000000, 0.000000, 0.200000, 0.000000, 0.000000 
0.013622, -0.057562, 0.013622, 0.213013, -0.009904, 0.323727, -1.002304, 0.776125, -0.135252, 0.174126, -0.058700, -0.207068, 0.000000, 0.000000, 0.000000, 0.239400, 0.000000, 0.353600, 0.000000, 0.000000, 0.000000, 0.200000, 0.000000, 0.000000 
0.002639, -0.049012, 0.002639, 0.214743, -0.010378, 0.322447, -1.137168, 0.878826, -0.141834, 0.172346, -0.034920, -0.038798, 0.000000, 0.000000, 0.000000, 0.241400, 0.000000, 0.353600, 0.000000, 0.000000, 0.000000, 0.200000, 0.000000, 0.000000 
-0.008012, -0.040951, -0.008012, 0.216466, -0.010612, 0.323068, -0.961863, 0.698926, -0.132027, 0.172220, -0.012501, 0.164415, 0.000000, 0.000000, 0.000000, 0.243400, 0.000000, 0.353600, 0.000000, 0.000000, 0.000000, 0.200000, 0.000000, 0.000000 
-0.016025, -0.035483, -0.016025, 0.218184, -0.010649, 0.325704, -0.644094, 0.392569, -0.121891, 0.170895, 0.003559, 0.356328, 0.000000, 0.000000, 0.000000, 0.245400, 0.000000, 0.353600, 0.000000, 0.000000, 0.000000, 0.200000, 0.000000, 0.000000 
-0.020740, -0.033100, -0.020740, 0.219873, -0.010562, 0.330068, -0.325322, 0.101870, -0.112909, 0.166291, 0.012028, 0.506271, 0.000000, 0.000000, 0.000000, 0.247400, 0.000000, 0.353600, 0.000000, 0.000000, 0.000000, 0.200000, 0.000000, 0.000000 
-0.022665, -0.033134, -0.022665, 0.221500, -0.010425, 0.335649, -0.090483, -0.079505, -0.102291, 0.158642, 0.013887, 0.598676, 0.000000, 0.000000, 0.000000, 0.249400, 0.000000, 0.353600, 0.000000, 0.000000, 0.000000, 0.200000, 0.000000, 0.000000 
-0.022870, -0.034244, -0.022870, 0.223030, -0.010249, 0.341679, 0.007832, -0.097579, -0.105063, 0.142826, 0.026506, 0.559737, 0.000000, 0.000000, 0.000000, 0.251400, 0.000000, 0.353600, 0.000000, 0.000000, 0.000000, 0.200000, 0.000000, 0.000000 
-0.022655, -0.036141, -0.022655, 0.224541, -0.009941, 0.346363, -0.004807, -0.417264, -0.086744, 0.185013, 0.029100, 0.398552, 0.000000, 0.000000, 0.000000, 0.253400, 0.000000, 0.353600, 0.000000, 0.000000, 0.000000, 0.200000, 0.000000, 0.000000 
-0.023081, -0.041853, -0.023081, 0.226683, -0.009687, 0.350123, -0.066760, -0.515126, -0.031358, 0.213200, 0.024533, 0.355141, 0.000000, 0.000000, 0.000000, 0.255400, 0.000000, 0.353600, 0.000000, 0.000000, 0.000000, 0.200000, 0.000000, 0.000000 
-0.023761, -0.044898, -0.023761, 0.228549, -0.009412, 0.353369, -0.082251, -0.188444, -0.028601, 0.173739, 0.030464, 0.299302, 0.000000, 0.000000, 0.000000, 0.257400, 0.000000, 0.353600, 0.000000, 0.000000, 0.000000, 0.200000, 0.000000, 0.000000 
-0.025121, -0.047211, -0.025121, 0.230368, -0.009096, 0.356151, -0.192354, -0.266470, -0.023967, 0.186676, 0.032636, 0.246785, 0.000000, 0.000000, 0.000000, 0.259400, 0.000000, 0.353600, 0.000000, 0.000000, 0.000000, 0.200000, 0.000000, 0.000000 
-0.027249, -0.049966, -0.027249, 0.232229, -0.008749, 0.358110, -0.209062, -0.300464, -0.002052, 0.190005, 0.037358, 0.148036, 0.000000, 0.000000, 0.000000, 0.261400, 0.000000, 0.353600, 0.000000, 0.000000, 0.000000, 0.200000, 0.000000, 0.000000 
-0.029056, -0.053142, -0.029056, 0.234214, -0.008349, 0.359287, -0.142345, -0.299674, 0.023940, 0.202629, 0.042828, 0.090431, 0.000000, 0.000000, 0.000000, 0.263400, 0.000000, 0.353600, 0.000000, 0.000000, 0.000000, 0.200000, 0.000000, 0.000000 
-0.030338, -0.055666, -0.030338, 0.236204, -0.007891, 0.359857, -0.120224, -0.228545, 0.045746, 0.196188, 0.049055, 0.020911, 0.000000, 0.000000, 0.000000, 0.265400, 0.000000, 0.353600, 0.000000, 0.000000, 0.000000, 0.200000, 0.000000, 0.000000 
-0.031565, -0.058079, -0.031565, 0.238186, -0.007368, 0.359717, -0.113016, -0.258353, 0.052716, 0.201092, 0.055548, -0.046393, 0.000000, 0.000000, 0.000000, 0.267400, 0.000000, 0.353600, 0.000000, 0.000000, 0.000000, 0.200000, 0.000000, 0.000000 
-0.032626, -0.060634, -0.032626, 0.240206, -0.006778, 0.358936, -0.092747, -0.252188, 0.061966, 0.201726, 0.062468, -0.111107, 0.000000, 0.000000, 0.000000, 0.269400, 0.000000, 0.353600, 0.000000, 0.000000, 0.000000, 0.200000, 0.000000, 0.000000 
-0.033408, -0.063033, -0.033408, 0.242223, -0.006119, 0.357501, -0.042604, -0.225429, 0.074675, 0.202048, 0.069372, -0.172489, 0.000000, 0.000000, 0.000000, 0.271400, 0.000000, 0.353600, 0.000000, 0.000000, 0.000000, 0.200000, 0.000000, 0.000000 
-0.033604, -0.065038, -0.033604, 0.244241, -0.005395, 0.355530, -0.004052, -0.186784, 0.077251, 0.200564, 0.075086, -0.218676, 0.000000, 0.000000, 0.000000, 0.273400, 0.000000, 0.353600, 0.000000, 0.000000, 0.000000, 0.200000, 0.000000, 0.000000 
-0.033789, -0.066873, -0.033789, 0.246233, -0.004616, 0.353134, -0.018119, -0.184699, 0.070877, 0.197862, 0.080515, -0.259041, 0.000000, 0.000000, 0.000000, 0.275400, 0.000000, 0.353600, 0.000000, 0.000000, 0.000000, 0.200000, 0.000000, 0.000000 
-0.033952, -0.068582, -0.033952, 0.248198, -0.003787, 0.350375, -0.008666, -0.161752, 0.057291, 0.194748, 0.085331, -0.291493, 0.000000, 0.000000, 0.000000, 0.277400, 0.000000, 0.353600, 0.000000, 0.000000, 0.000000, 0.200000, 0.000000, 0.000000 
-0.034142, -0.070105, -0.034142, 0.250124, -0.002910, 0.347304, -0.013633, -0.145383, 0.061279, 0.190693, 0.089998, -0.322375, 0.000000, 0.000000, 0.000000, 0.279400, 0.000000, 0.353600, 0.000000, 0.000000, 0.000000, 0.200000, 0.000000, 0.000000 
-0.034162, -0.071371, -0.034162, 0.252018, -0.001988, 0.343935, 0.014082, -0.117673, 0.060835, 0.188373, 0.094323, -0.350470, 0.000000, 0.000000, 0.000000, 0.281400, 0.000000, 0.353600, 0.000000, 0.000000, 0.000000, 0.200000, 0.000000, 0.000000 
-0.034212, -0.072582, -0.034212, 0.253890, -0.001024, 0.340300, -0.021269, -0.131284, 0.065278, 0.185600, 0.098327, -0.376287, 0.000000, 0.000000, 0.000000, 0.283400, 0.000000, 0.353600, 0.000000, 0.000000, 0.000000, 0.200000, 0.000000, 0.000000 
-0.034020, -0.073439, -0.034020, 0.255719, -0.000027, 0.336484, 0.126549, -0.008511, 0.082504, 0.179861, 0.100800, -0.379489, 0.000000, 0.000000, 0.000000, 0.285400, 0.000000, 0.353600, 0.000000, 0.000000, 0.000000, 0.200000, 0.000000, 0.000000 
-0.031019, -0.072066, -0.031019, 0.257491, 0.000968, 0.332881, 0.513024, 0.303678, 0.131919, 0.174919, 0.096369, -0.332963, 0.000000, 0.000000, 0.000000, 0.287400, 0.000000, 0.353600, 0.000000, 0.000000, 0.000000, 0.200000, 0.000000, 0.000000 
-0.023585, -0.066882, -0.023585, 0.259224, 0.001866, 0.329960, 0.977234, 0.721377, 0.177889, 0.173077, 0.080606, -0.244376, 0.000000, 0.000000, 0.000000, 0.289400, 0.000000, 0.353600, 0.000000, 0.000000, 0.000000, 0.200000, 0.000000, 0.000000 
-0.012199, -0.057980, -0.012199, 0.260954, 0.002562, 0.328159, 1.247266, 1.001730, 0.196939, 0.173458, 0.056764, -0.104294, 0.000000, 0.000000, 0.000000, 0.291400, 0.000000, 0.353600, 0.000000, 0.000000, 0.000000, 0.200000, 0.000000, 0.000000 
-0.000071, -0.047954, -0.000071, 0.262704, 0.003002, 0.328028, 1.136223, 0.946694, 0.187409, 0.176696, 0.031246, 0.083474, 0.000000, 0.000000, 0.000000, 0.293400, 0.000000, 0.353600, 0.000000, 0.000000, 0.000000, 0.200000, 0.000000, 0.000000 
0.009607, -0.039842, 0.009607, 0.264485, 0.003208, 0.329855, 0.801054, 0.654861, 0.166092, 0.179458, 0.011503, 0.277397, 0.000000, 0.000000, 0.000000, 0.295400, 0.000000, 0.353600, 0.000000, 0.000000, 0.000000, 0.200000, 0.000000, 0.000000 
0.015622, -0.035059, 0.015622, 0.266279, 0.003256, 0.333478, 0.430278, 0.310477, 0.143021, 0.178563, 0.000064, 0.437804, 0.000000, 0.000000, 0.000000, 0.297400, 0.000000, 0.353600, 0.000000, 0.000000, 0.000000, 0.200000, 0.000000, 0.000000 
0.018273, -0.033448, 0.018273, 0.268044, 0.003228, 0.338446, 0.134670, 0.035949, 0.121053, 0.173845, -0.004097, 0.544638, 0.000000, 0.000000, 0.000000, 0.299400, 0.000000, 0.353600, 0.000000, 0.000000, 0.000000, 0.200000, 0.000000, 0.000000 
0.018720, -0.033667, 0.018720, 0.269729, 0.003150, 0.343931, -0.000803, -0.010110, 0.110943, 0.157499, -0.016117, 0.494879, 0.000000, 0.000000, 0.000000, 0.301400, 0.000000, 0.353600, 0.000000, 0.000000, 0.000000, 0.200000, 0.000000, 0.000000 
0.018303, -0.035157, 0.018303, 0.271443, 0.002948, 0.347999, -0.038536, -0.423227, 0.091124, 0.210178, -0.017653, 0.346893, 0.000000, 0.000000, 0.000000, 0.303400, 0.000000, 0.353600, 0.000000, 0.000000, 0.000000, 0.200000, 0.000000, 0.000000 
0.018081, -0.040533, 0.018081, 0.273764, 0.002814, 0.351287, -0.004530, -0.430961, 0.055081, 0.222063, -0.012505, 0.307376, 0.000000, 0.000000, 0.000000, 0.305400, 0.000000, 0.353600, 0.000000, 0.000000, 0.000000, 0.200000, 0.000000, 0.000000 
0.018227, -0.042990, 0.018227, 0.275730, 0.002664, 0.354060, 0.050218, -0.178625, 0.043732, 0.188360, -0.016755, 0.254775, 0.000000, 0.000000, 0.000000, 0.307400, 0.000000, 0.353600, 0.000000, 0.000000, 0.000000, 0.200000, 0.000000, 0.000000 
0.019059, -0.045315, 0.019059, 0.277703, 0.002488, 0.356391, 0.109839, -0.255171, 0.045739, 0.200499, -0.018815, 0.198509, 0.000000, 0.000000, 0.000000, 0.309400, 0.000000, 0.353600, 0.000000, 0.000000, 0.000000, 0.200000, 0.000000, 0.000000 
0.020326, -0.047998, 0.020326, 0.279706, 0.002286, 0.357859, 0.144203, -0.308609, 0.025786, 0.205782, -0.021354, 0.101662, 0.000000, 0.000000, 0.000000, 0.311400, 0.000000, 0.353600, 0.000000, 0.000000, 0.000000, 0.200000, 0.000000, 0.000000 
0.021634, -0.051277, 0.021634, 0.281845, 0.002058, 0.358599, 0.106505, -0.299591, 0.007580, 0.216718, -0.024502, 0.047563, 0.000000, 0.000000, 0.000000, 0.313400, 0.000000, 0.353600, 0.000000, 0.000000, 0.000000, 0.200000, 0.000000, 0.000000 
0.022687, -0.053838, 0.022687, 0.283971, 0.001794, 0.358731, 0.120233, -0.243729, -0.010374, 0.210079, -0.028568, -0.023403, 0.000000, 0.000000, 0.000000, 0.315400, 0.000000, 0.353600, 0.000000, 0.000000, 0.000000, 0.200000, 0.000000, 0.000000 
0.024012, -0.056473, 0.024012, 0.286094, 0.001483, 0.358171, 0.121229, -0.267368, -0.013576, 0.214046, -0.034021, -0.084961, 0.000000, 0.000000, 0.000000, 0.317400, 0.000000, 0.353600, 0.000000, 0.000000, 0.000000, 0.200000, 0.000000, 0.000000 
